split,source,country,rows,name len median,name len p95,addr len median,addr len p95
train,S1,US,1323633,22.0,35.0,34.0,48.0
train,S1,India,883188,27.0,38.0,76.0,116.0
train,S2,India,2017799,27.0,42.0,69.0,110.0
train,S2,US,3016817,23.0,39.0,32.0,44.0
train,S3,US,3170056,23.0,40.0,39.0,53.0
train,S3,India,2115547,27.0,43.0,60.0,106.0
test,S1,US,663106,22.0,35.0,34.0,48.0
test,S1,France,259452,19.0,29.0,48.0,65.0
test,S1,India,809986,27.0,38.0,76.0,116.0
test,S2,India,2312565,28.0,44.0,69.0,110.0
test,S2,France,703378,20.0,35.0,41.0,60.0
test,S2,US,1871330,24.0,39.0,32.0,44.0
test,S3,India,2405000,28.0,44.0,59.0,106.0
test,S3,France,731615,20.0,36.0,41.0,60.0
test,S3,US,1945701,24.0,41.0,39.0,54.0
