split,source,country,rows,5-digit %,6-digit %,ddd ddd %,5-digit at start %,near/opp/behind %
train,S1,US,1323633,10.95,0.13,0.6,9.27,0.01
train,S1,India,883188,0.3,0.02,0.34,0.05,13.06
train,S2,India,2017799,1.13,0.02,1.16,0.22,11.16
train,S2,US,3016817,10.45,1.39,0.49,8.5,0.01
train,S3,US,3170056,10.48,1.33,0.51,8.48,0.01
train,S3,India,2115547,1.05,0.02,1.1,0.21,8.48
test,S1,US,663106,10.95,0.12,0.6,9.28,0.01
test,S1,France,259452,0.41,0.01,0.0,0.03,0.0
test,S1,India,809986,0.28,0.02,0.35,0.04,13.04
test,S2,India,2312565,1.1,0.02,1.17,0.21,11.22
test,S2,France,703378,0.51,0.02,0.0,0.23,0.0
test,S2,US,1871330,10.68,1.43,0.5,8.67,0.01
test,S3,India,2405000,1.01,0.02,1.13,0.2,8.42
test,S3,France,731615,0.53,0.02,0.0,0.23,0.0
test,S3,US,1945701,10.72,1.37,0.51,8.69,0.01
