split,source,country,rows,name: legal suffix %,name: junk prefix %,name: has digit %,name: non-ASCII %,name: ALL CAPS %,addr: empty %,addr: ALL CAPS %,addr: abbreviation %,addr: landmark %,addr: zero-padded number %,addr: no digit %
train,S1,US,1323633,48.85,0.14,2.61,0.0,0.0,0.0,0.0,4.79,0.01,0.02,0.0
train,S1,India,883188,84.29,0.14,0.12,0.0,0.0,0.0,0.0,48.05,13.06,0.2,8.72
train,S2,India,2017799,57.05,1.67,3.1,27.87,14.94,2.87,23.87,50.96,11.16,2.41,8.68
train,S2,US,3016817,43.63,2.5,6.4,6.7,21.55,3.68,89.81,29.85,0.01,4.34,9.8
train,S3,US,3170056,43.0,2.41,6.3,6.8,3.2,3.5,0.0,29.98,0.01,4.14,8.7
train,S3,India,2115547,63.99,1.78,3.37,18.49,2.58,3.07,0.04,47.57,8.48,2.23,9.94
test,S1,US,663106,48.85,0.14,2.59,0.0,0.0,0.0,0.0,4.73,0.01,0.02,0.0
test,S1,France,259452,63.17,0.06,0.77,15.72,0.0,0.0,0.0,3.44,0.0,0.0,0.42
test,S1,India,809986,84.25,0.15,0.13,0.0,0.0,0.0,0.0,47.96,13.04,0.21,8.73
test,S2,India,2312565,58.17,1.51,2.88,27.61,14.12,2.28,24.0,52.34,11.22,2.44,6.97
test,S2,France,703378,49.82,0.9,1.11,24.54,20.8,3.06,28.98,39.57,0.0,1.6,6.85
test,S2,US,1871330,45.89,2.3,6.18,6.25,20.42,2.94,90.48,30.05,0.01,4.46,7.95
test,S3,India,2405000,65.58,1.62,3.17,18.21,2.47,2.46,0.04,49.08,8.42,2.27,8.12
test,S3,France,731615,49.13,0.85,1.11,23.94,5.61,2.94,0.0,38.05,0.0,1.52,6.62
test,S3,US,1945701,45.36,2.26,6.07,6.39,3.2,2.84,0.0,30.45,0.01,4.26,7.08
