rank,test France,train India,train US
1,"sarl (317,723)","limited (517,412)","llc (292,449)"
2,"sas (223,820)","private (480,102)","inc (212,535)"
3,"france (139,436)","ट (248,891)","l (69,258)"
4,"club (107,951)","ltd (239,117)","center (64,240)"
5,"de (89,339)","pvt (159,571)","partners (59,645)"
6,"eurl (89,198)","र (157,264)","and (58,479)"
7,"s (88,058)","ल (142,404)","s (57,625)"
8,"sa (72,755)","ड (120,528)","c (57,208)"
9,"amicale (70,538)","म (116,850)","corp (53,918)"
10,"sasu (65,101)","प (113,940)","com (53,497)"
11,"sci (56,367)","स (109,217)","group (48,837)"
12,"a (55,739)","india (87,396)","co (41,440)"
13,"maison (54,361)","इव (73,655)","care (39,956)"
14,"du (53,822)","क (57,739)","of (38,430)"
15,"ecole (52,131)","ட (56,536)","ltd (36,484)"
16,"centre (49,918)","services (56,129)","associates (32,894)"
17,"groupe (49,005)","llp (53,439)","services (31,947)"
18,"comite (47,232)","com (43,814)","holdings (30,739)"
19,"com (44,087)","ట (43,655)","d (29,557)"
20,"union (43,676)","ಟ (41,682)","health (25,382)"
21,"fils (41,253)","center (40,370)","p (24,025)"
22,"des (39,318)","ज (37,072)","lp (22,196)"
23,"développement (39,083)","ট (32,303)","pc (20,617)"
24,"sportive (38,559)","co (31,739)","a (20,476)"
25,"cie (34,798)","न (29,263)","clinic (19,550)"
26,"amis (33,068)","industries (28,466)","the (18,892)"
27,"primaire (30,807)","ग (28,286)","corporation (17,583)"
28,"international (30,746)","ટ (28,197)","pediatric (16,737)"
29,"participations (30,257)","enterprises (27,801)","medicine (16,307)"
30,"distribution (30,218)","solutions (27,681)","service (16,181)"
31,"holding (30,005)","brothers (27,239)","pllc (14,152)"
32,"la (28,639)","trading (26,742)","dental (13,320)"
33,"ets (28,580)","फ (25,645)","family (12,455)"
34,"saint (28,286)","ventures (25,604)","highland (11,250)"
35,"pharmacie (28,258)","ర (25,199)","global (11,152)"
36,"établissements (27,733)","group (24,735)","valley (11,059)"
37,"bordeaux (27,724)","य (23,709)","summit (11,023)"
38,"parents (25,224)","public (23,655)","coastal (10,747)"
39,"nantes (24,100)","ರ (23,348)","harbor (10,711)"
40,"école (23,922)","व (23,031)","metro (10,597)"
