group,field,rank,token,count,share %
train India,name,1,limited,517412,6.71
train India,name,2,private,480102,6.22
train India,name,3,ट,248891,3.23
train India,name,4,ltd,239117,3.1
train India,name,5,pvt,159571,2.07
train India,name,6,र,157264,2.04
train India,name,7,ल,142404,1.85
train India,name,8,ड,120528,1.56
train India,name,9,म,116850,1.51
train India,name,10,प,113940,1.48
train India,name,11,स,109217,1.42
train India,name,12,india,87396,1.13
train India,name,13,इव,73655,0.95
train India,name,14,क,57739,0.75
train India,name,15,ட,56536,0.73
train India,name,16,services,56129,0.73
train India,name,17,llp,53439,0.69
train India,name,18,com,43814,0.57
train India,name,19,ట,43655,0.57
train India,name,20,ಟ,41682,0.54
train India,name,21,center,40370,0.52
train India,name,22,ज,37072,0.48
train India,name,23,ট,32303,0.42
train India,name,24,co,31739,0.41
train India,name,25,न,29263,0.38
train India,name,26,industries,28466,0.37
train India,name,27,ग,28286,0.37
train India,name,28,ટ,28197,0.37
train India,name,29,enterprises,27801,0.36
train India,name,30,solutions,27681,0.36
train India,name,31,brothers,27239,0.35
train India,name,32,trading,26742,0.35
train India,name,33,फ,25645,0.33
train India,name,34,ventures,25604,0.33
train India,name,35,ర,25199,0.33
train India,name,36,group,24735,0.32
train India,name,37,य,23709,0.31
train India,name,38,public,23655,0.31
train India,name,39,ರ,23348,0.3
train India,name,40,व,23031,0.3
train India,address,1,no,789250,4.56
train India,address,2,delhi,377533,2.18
train India,address,3,road,301209,1.74
train India,address,4,nagar,227199,1.31
train India,address,5,floor,223904,1.29
train India,address,6,c,176638,1.02
train India,address,7,mumbai,175361,1.01
train India,address,8,1,169815,0.98
train India,address,9,maharashtra,160359,0.93
train India,address,10,a,159374,0.92
train India,address,11,new,147684,0.85
train India,address,12,र,144396,0.83
train India,address,13,west,132633,0.77
train India,address,14,plot,130257,0.75
train India,address,15,h,126957,0.73
train India,address,16,b,124728,0.72
train India,address,17,2,124638,0.72
train India,address,18,o,118851,0.69
train India,address,19,bangalore,115280,0.67
train India,address,20,pradesh,112824,0.65
train India,address,21,mh,97497,0.56
train India,address,22,city,93245,0.54
train India,address,23,3,86349,0.5
train India,address,24,s,83884,0.48
train India,address,25,pune,81971,0.47
train India,address,26,ल,80410,0.46
train India,address,27,kolkata,79829,0.46
train India,address,28,near,77767,0.45
train India,address,29,block,73052,0.42
train India,address,30,d,72880,0.42
train India,address,31,door,68876,0.4
train India,address,32,south,68866,0.4
train India,address,33,4,68374,0.4
train India,address,34,colony,68258,0.39
train India,address,35,hyderabad,67971,0.39
train India,address,36,flat,67346,0.39
train India,address,37,sector,67039,0.39
train India,address,38,g,66190,0.38
train India,address,39,uttar,64533,0.37
train India,address,40,p,64304,0.37
train US,name,1,llc,292449,5.52
train US,name,2,inc,212535,4.01
train US,name,3,l,69258,1.31
train US,name,4,center,64240,1.21
train US,name,5,partners,59645,1.13
train US,name,6,and,58479,1.1
train US,name,7,s,57625,1.09
train US,name,8,c,57208,1.08
train US,name,9,corp,53918,1.02
train US,name,10,com,53497,1.01
train US,name,11,group,48837,0.92
train US,name,12,co,41440,0.78
train US,name,13,care,39956,0.75
train US,name,14,of,38430,0.73
train US,name,15,ltd,36484,0.69
train US,name,16,associates,32894,0.62
train US,name,17,services,31947,0.6
train US,name,18,holdings,30739,0.58
train US,name,19,d,29557,0.56
train US,name,20,health,25382,0.48
train US,name,21,p,24025,0.45
train US,name,22,lp,22196,0.42
train US,name,23,pc,20617,0.39
train US,name,24,a,20476,0.39
train US,name,25,clinic,19550,0.37
train US,name,26,the,18892,0.36
train US,name,27,corporation,17583,0.33
train US,name,28,pediatric,16737,0.32
train US,name,29,medicine,16307,0.31
train US,name,30,service,16181,0.31
train US,name,31,pllc,14152,0.27
train US,name,32,dental,13320,0.25
train US,name,33,family,12455,0.23
train US,name,34,highland,11250,0.21
train US,name,35,global,11152,0.21
train US,name,36,valley,11059,0.21
train US,name,37,summit,11023,0.21
train US,name,38,coastal,10747,0.2
train US,name,39,harbor,10711,0.2
train US,name,40,metro,10597,0.2
train US,address,1,street,167885,1.95
train US,address,2,road,153086,1.78
train US,address,3,drive,135093,1.57
train US,address,4,st,129963,1.51
train US,address,5,rd,121012,1.4
train US,address,6,avenue,111750,1.3
train US,address,7,dr,109519,1.27
train US,address,8,city,99178,1.15
train US,address,9,ave,89460,1.04
train US,address,10,tx,88417,1.03
train US,address,11,unit,77738,0.9
train US,address,12,ny,67847,0.79
train US,address,13,new,64435,0.75
train US,address,14,nc,62719,0.73
train US,address,15,texas,59236,0.69
train US,address,16,lane,57959,0.67
train US,address,17,oh,56390,0.65
train US,address,18,north,54370,0.63
train US,address,19,il,49980,0.58
train US,address,20,york,47598,0.55
train US,address,21,ln,46200,0.54
train US,address,22,carolina,43482,0.5
train US,address,23,1,41841,0.49
train US,address,24,ct,40066,0.46
train US,address,25,va,39507,0.46
train US,address,26,tn,39333,0.46
train US,address,27,ohio,37955,0.44
train US,address,28,ma,37684,0.44
train US,address,29,virginia,37677,0.44
train US,address,30,az,37547,0.44
train US,address,31,court,36188,0.42
train US,address,32,county,35350,0.41
train US,address,33,null,34700,0.4
train US,address,34,2,34411,0.4
train US,address,35,way,33968,0.39
train US,address,36,illinois,33835,0.39
train US,address,37,in,32730,0.38
train US,address,38,washington,32592,0.38
train US,address,39,of,31580,0.37
train US,address,40,wa,28093,0.33
test France,name,1,sarl,317723,6.55
test France,name,2,sas,223820,4.62
test France,name,3,france,139436,2.88
test France,name,4,club,107951,2.23
test France,name,5,de,89339,1.84
test France,name,6,eurl,89198,1.84
test France,name,7,s,88058,1.82
test France,name,8,sa,72755,1.5
test France,name,9,amicale,70538,1.45
test France,name,10,sasu,65101,1.34
test France,name,11,sci,56367,1.16
test France,name,12,a,55739,1.15
test France,name,13,maison,54361,1.12
test France,name,14,du,53822,1.11
test France,name,15,ecole,52131,1.07
test France,name,16,centre,49918,1.03
test France,name,17,groupe,49005,1.01
test France,name,18,comite,47232,0.97
test France,name,19,com,44087,0.91
test France,name,20,union,43676,0.9
test France,name,21,fils,41253,0.85
test France,name,22,des,39318,0.81
test France,name,23,développement,39083,0.81
test France,name,24,sportive,38559,0.8
test France,name,25,cie,34798,0.72
test France,name,26,amis,33068,0.68
test France,name,27,primaire,30807,0.64
test France,name,28,international,30746,0.63
test France,name,29,participations,30257,0.62
test France,name,30,distribution,30218,0.62
test France,name,31,holding,30005,0.62
test France,name,32,la,28639,0.59
test France,name,33,ets,28580,0.59
test France,name,34,saint,28286,0.58
test France,name,35,pharmacie,28258,0.58
test France,name,36,établissements,27733,0.57
test France,name,37,bordeaux,27724,0.57
test France,name,38,parents,25224,0.52
test France,name,39,nantes,24100,0.5
test France,name,40,école,23922,0.49
test France,address,1,de,927904,8.53
test France,address,2,rue,645046,5.93
test France,address,3,la,425409,3.91
test France,address,4,r,316081,2.91
test France,address,5,loire,296109,2.72
test France,address,6,france,259304,2.38
test France,address,7,hauts,256208,2.36
test France,address,8,bordeaux,245775,2.26
test France,address,9,nouvelle,214936,1.98
test France,address,10,aquitaine,214685,1.97
test France,address,11,nantes,211432,1.94
test France,address,12,lille,196206,1.8
test France,address,13,du,195014,1.79
test France,address,14,pays,183611,1.69
test France,address,15,des,176182,1.62
test France,address,16,nord,134652,1.24
test France,address,17,gironde,133498,1.23
test France,address,18,saint,125204,1.15
test France,address,19,calais,113876,1.05
test France,address,20,atlantique,113663,1.04
test France,address,21,avenue,111883,1.03
test France,address,22,tourcoing,102588,0.94
test France,address,23,dunkerque,98723,0.91
test France,address,24,roubaix,94848,0.87
test France,address,25,nazaire,77809,0.72
test France,address,26,pessac,72278,0.66
test France,address,27,buch,64083,0.59
test France,address,28,teste,64032,0.59
test France,address,29,no,62504,0.57
test France,address,30,n,62274,0.57
test France,address,31,cap,54483,0.5
test France,address,32,ferret,53304,0.49
test France,address,33,av,50788,0.47
test France,address,34,bis,46079,0.42
test France,address,35,mérignac,45241,0.42
test France,address,36,pornic,44331,0.41
test France,address,37,l,42978,0.4
test France,address,38,d,41240,0.38
test France,address,39,herblain,39797,0.37
test France,address,40,baule,39201,0.36
