s1 id,s1 name,s1 address,country,nn id,nn source,nn name,nn address,cosine,name tsr,addr tsr,nn owned by another S1
S1-267359782,MW Prairie Alpine Inc.,"TX, 2016 Winona Avenue, Tyler",US,S2-555368766,S2,MW Prairie Alpine,"JONESVILLE, NC, 3932  WOODRUFF RD",1.0,100.0,35.1,True
S1-726431070,Melody Electronics Private Limited,"#12C, Savitry Greens-2, Gazipur Road, Rajpura, Mohali, Punjab",India,S2-566200050,S2,Melody Electronics,"PLOT NO. DX 10., TTC INDUSTRIAL AREA, MIDC SHIRVANE, NERUL POST, NAVI MUMBAI, महाराष्ट्र",1.0,100.0,34.3,True
S1-307624556,James & Sibley Supply LLC,"1280 Heritage Lane, Waite Park, MN",US,S2-59653392,S2,James & Sibley [Supply],"1336  MOUNTAIN VIEW CIR, SOUTHPORT, NY",1.0,100.0,41.8,True
S1-383314390,"Harmony F. Grice, Esq.","Indianapolis, IN, 7948 Valley Trace Lane",US,S3-146736833,S3,"Harmony F. Grice, Esq. Ltd","7961 Valley Trace Lane, null, Indianapolis, Indiana",1.0,100.0,88.2,False
S1-943841475,Ss Solutions Private Limited,"S. No. 14, Fl No. 3&4, Sanjay Residency Behind Hotel Green Park, Baner, Pune, Maharashtra",India,S2-370523444,S2,SS SOLUTIONS PRIVATE  LTD,"104, SURESH APARTMENT CHS LTD, KALINA KOLIVARY ROAD SANTACRUZ(E), NEAR MARATHI MUNICIPAL SCH, MUMBAI, Maharashtra",1.0,92.3,46.5,True
S1-577986926,Thane Studio Limited,"15/107 Open Plt Shajeevan, Soc, Shivai Nagar, Thane, Maharashtra",India,S3-318265579,S3,Thane Studio,"Office No. 1802, MH, Thane, 18Th Floor, Solus Hiranandani Estate, Ghodbunder Road, Near Patlipada, Thane (West), Navi Mumbai Region",1.0,100.0,41.4,True
S1-760905633,PQ India Private Limited,"Plot No. J -1 -15, Block Ep, Salt Lake City P.S- Electronics Complex, Sector-V, Kolkata, Parganas North, West Bengal",India,S2-71872280,S2,PQ India Pvt Ltd,"KHASRA NO. 18/2, 3/1, 9/2, MOUZA DABARKI, KUNJPURA, Haryana",1.0,80.0,34.4,True
S1-88381748,Pediatric Care,"665 156th Place, South Holland, IL",US,S2-39079223,S2,Pediatric-Care,"66 MURRAY ST, PO BOX 5644, BINGHAMTON, NY",1.0,100.0,42.9,True
S1-245994308,Zia Andrus Cascade Gold,"1116 Oak Street, Muscatine, IA",US,S3-319097109,S3,Zia Andrus Cascade Gold Ltd,"125 Oak St, Muscatine, Iowa",1.0,100.0,79.2,False
S1-884901737,Chiropractic Metro Center Inc.,"124 Tom Beasley Road, Westmoreland, TN",US,S2-215196409,S2,Chiropractic Metro Center,"07115 MOSSY BANK TRAIL, PO BOX 8198, HUNTSVILLE, AL",1.0,100.0,35.7,True
S1-417997432,Modern Engineering Limited,"#472, 1St Floor, 6Th Cross, 8Th Main Viveknagar, Bangalore, Karnataka",India,S2-239691217,S2,modern engineering private limited,"886/8, W NO.8, F.NO. S-4 FF L/SIDE. MEHRUALI, DELHI, Delhi",1.0,100.0,34.6,True
S1-545499399,Samrat Intelligence Private Limited,"C- 23, 24, 1St Floor, Sundram Mansion, Swej Farm, Bhagwan Das Marg, Near Vivek Vihar Metro, Station, Jaipur, Rajasthan",India,S3-274945589,S3,Samrat Intelligence LLP,"C- 44, 24, 1St Floor, Sundram Mansion, Swej Farm, Bhagwan Das Marg, Near Vivek Vihar Metro, Station, Jaipur, RJ",1.0,90.5,96.9,False
S1-774703106,Cure Massage Inc,"26879 Riverford Drive, Perrysburg, OH",US,S2-500751188,S2,Cure  Massage Co,"646 OLD FORT ROAD, PMB 5682, FAIRVIEW, NC",1.0,90.3,41.1,False
S1-410313351,Nexlotech,"147 Oak Street, Unit 2, Clinton, MA",US,S2-334072813,S2,Nexlotech Ltd,"149 OAK STREET, CLINTO CITY, MA",1.0,100.0,78.7,False
S1-122454865,Regional Hartford LLC,"821 Topaz Trail, Azle, TX",US,S2-598330809,S2,Regional Hartford LLC,"##225 TULA CIR, CHRISTIANSBURG, VA",1.0,100.0,30.2,True
