s1 id,s1 name,s1 address,s1 country,match id,match name,match address,match country,name tsr,addr tsr,name tsr (normalized),addr tsr (normalized)
S1-134723736,Developers Na Estates LLP,"1319/D, Main Road, Uttukottai, Tiruvallur, Tamil Nadu",India,S2-522013292,llp developers na estates,"1319/D, TIRUVALLUR, UTTUKOTTAI, Tamil Nadu",India,100.0,100.0,100.0,100.0
S1-329008065,Seven Ace Producer Private Limited,"C/O Vithoba Ananda Doifode New Gavthan, Singaon, Deulgaon Raja Road, Buldana, Buldhana, Maharashtra",India,S3-954294814,Seven Ace Producer Private - 1418465101,"C/o Vithoba Ananda Doifode New Gavthan, MH, Singaon, Deulgaon Raja Road, Buldana, Buldhana",India,86.7,98.2,100.0,98.2
S1-415898791,Its Distributors Co,"32, Railway Station Border St.Kodambakkam, Chennai 600 024., Chennai 600 024., Chennai, Tamil Nadu",India,S2-871998402,ITS DISTRIBUTORS CO,"Tamil Nadu, C-32, RAILWAY STATION BORDER ST.KODAMBAKKAM, CHENNAI 600 024., CHENNAI 600 024.",India,100.0,100.0,100.0,100.0
S1-777981900,Paon Prime Horse LLC,"126 Elm Street, Ilion, NY",US,S3-635138409,Veradelta fka Paon Prime Horse LLC,"126 Elm Street, Ilion, NY",US,100.0,100.0,100.0,100.0
S1-66345108,Anderson Direct Investments PLLC,"902 Boston Avenue, Monmouth, IL",US,S2-121167042,Anderson Direct,"00902 BOSTON AVE, MONMOUTH, IL",US,100.0,91.2,100.0,96.7
S1-232528281,Swastik Foundation Private Limited,"C/O Murali Monohar Bora Shree Pana Lal P No 3 Santhi Nath Nagar, Jodhpur, Rajasthan",India,S2-722992596,Swastik Foundation Limited Center,"C/O MURALI MONOHAR BORA SHREE PANA LAL P NO D/3 SANTHI NATH NAGAR, JODHPUR, Rajasthan",India,88.1,100.0,100.0,100.0
S1-80365058,The Dent Ice Cream,"324 Pine Drive, Rappahannock County, VA",US,S2-356176241,the dent ice cream,"324 PINE DRIVE, AMISSVILLE, VA",US,100.0,75.6,100.0,75.6
S1-962021523,Bombay Tirupati International Private Limited,"3Rd Cross, Gutti Nilaya, Kanaka Vinayaka Road, Shanthi Layout, Ramamurthy Nagar, No.53, Karnataka, Bangalore",India,S3-935150345,PRIVATE BOMBAY TIRUPATI INTERNATIONAL LIMITED,"Tc Palaya, KA, Door No 53, Bangalore",India,100.0,62.5,100.0,67.9
S1-452990081,"Atkinson, Artis and Keller LLC","397 Butternut Court, Orange, CT",US,S2-187687282,"Atkinson, Artis and Keller LLC","397  BUTTERNUT COURT, PO BOX 3581, ORANGE CDP, CT",US,100.0,100.0,100.0,100.0
S1-176880222,Eye Signature Group,"418 Heidrich Street, Houston, TX",US,S2-455910031,Eye Group Signature,"HOUSTON, 18 HEIDRICH STREET, TX",US,100.0,98.3,100.0,98.3
S1-334196128,Duclos Sterling Cayson LLP,"1538 Slider Run Road, Sistersville, WV",US,S2-782968957,Duclos Sterling Cayson,"1538 SLIDER RUN ROAD, SISTERSVILLE, WV",US,100.0,100.0,100.0,100.0
S1-98329665,Anders China LLC,"2043 Sallal Road, Woodburn, OR",US,S3-326511763,Anders Chira LLC,"2043 Sallal Road, <NULL>, Woodburn, Oregon",US,93.8,94.3,91.7,94.3
S1-12644902,Kms International Private Limited,"Atno.17, Casa Capitol, 3Rd Floor, Wood Street, Ashoknagar, Bangalore, Karnataka",India,S3-528319882,Kms Private Limited Services,"Atno.17, Bangalore, KA",India,80.9,91.9,48.3,91.9
S1-836116817,Dodi Nakai Unified Big Partners,"44 Pine Ridge Road, Larchmont, NY",US,S2-366181017,Dodi Nakai Unified Big Partners Co,"44  PINE RIDGE RD, LARCHMONT, NY",US,100.0,96.7,100.0,100.0
S1-580837779,Christ Synagogue Partners,"2633 Kenner Avenue, Memphis, TN",US,S3-352804500,christ synagogue partners,"2633 Kenner Avenue, Memphis, Tennessee",US,100.0,94.5,100.0,94.5
S1-383217319,East Foundation Private Limited,"Thane, 2Nd Floor, Paradise Tower, Gokhale Road, Naupada, Thane West, Thane, Flat No 210, Maharashtra",India,S3-449072740,ईस्ट फाउंडेशन प्राइवेट लिमिटेड,"Flat No 21, Mumbai, Thane, MH",India,10.9,66.7,30.2,72.3
S1-664021823,Ambernath Constructions Private Limited,"370-371/2, Third Floor, Sahi Hospital Road, Jangpura, Bhogal, New Delhi, Delhi",India,S3-681950513,Ambernath Consbturctions Private Limited,"Hn 739 370-371/2, New Delhi, DL",India,96.2,79.2,93.6,79.2
S1-255281293,Consulting Vesta Concrete Partners,"Madras, 17, Demellows Road, Tamil Nadu, Chennai",India,S3-90783285,Consulting Vesta Concrete Partners Company,"17, Demellows Road, Thiruvallur, Chennai, TN",India,100.0,76.9,100.0,76.9
S1-884462274,Rl Infratech Private Limited,"Flat No 2A Lp 202/6, 12/2 Botanical Garden 2Nd Floor, Howrah, West Bengal",India,S3-628517195,Rl Infratech Private Ltd,"12/2 Botanical Garden 2Nd Floor, Flat No 2A Lp 202/6, Howrah, পশ্চিমবঙ্গ",India,92.3,91.3,100.0,91.9
S1-451482132,Technologies Nilkanth Urban Limited,"No.16, Bangalore, Harris Road, Benson Town, Bangalore, Karnataka",India,S3-563885585,Ltd Technologies Nilkanth Urban,"No.16, Bangalore, Bengaluru, KA",India,93.9,69.8,100.0,74.5
S1-777976958,United (India) Infosystem Limited,"J-68, Ground Floor, Phase- 1, Delhi, North West Delhi, Delhi",India,S2-173091949,UNITED  (INDIA),"J-68, GROUND FLOOR, PHASE- 1, DELHI, Delhi",India,100.0,100.0,100.0,100.0
S1-488897531,Cooperative Cloud Associates Inc,"377 Garden Street, Islip, NY",US,S3-414287955,Cooperative Cloud,"##377 Garden Street, Islip, New York",US,100.0,93.9,100.0,93.9
S1-871511830,Powell Tailwind,"33754 84th Place, Carnation, WA",US,S3-284779032,Powell Tailwind,,US,100.0,0.0,100.0,0.0
S1-635084252,Orthopedic Prime Care LLC,"389 Boland Drive, Lake Lure, NC",US,S3-506128906,Orthopedic Prime Care,"North Carolina, 389 Boland Drive, Lake Lure",US,100.0,94.5,100.0,94.5
S1-941363153,Moore Select Lifesciences,"8709 191st Place, Edmonds, WA",US,S3-765264735,Moore-Select,"8709 191st Place, Edmonds, Washington",US,100.0,94.1,100.0,94.1
S1-115130101,Fitzhugh Classic Bny,"14306 Arndt Road, Houston, TX",US,S2-931565194,Fitzhugh Bny Classic,"14306 ARNDT ROD, HOUSTON, TX",US,100.0,98.1,100.0,98.1
S1-686832612,Surgical Star Associates,"2350 Peakland Way, Montgomery County, VA",US,S2-17096505,Surgical Associates Center,,US,88.4,0.0,88.4,0.0
S1-194397573,Global Link,"Karnataka, Bangalore, New No.7, 1St Cross, 2Nd Main, Bangalore North, #62/1",India,S3-49736345,Global Línk,"KA, Bengaluru, Bangalore North, H.no 62/1.",India,90.9,75.4,100.0,78.3
S1-484371897,Oceanic & Brothers Corp,"203, 2Nd Flr, Suite 396, Sec-I, Sy 64, Huda Techno, Shaikpet, Hyderabad, Telangana",India,S3-762497868,Oceanic & Bróthers,"Shaikpet, 2Nd Flr, Suite 396, Sec-i, Sy 64, Huda Techno, Hyderabad, Andhra Pradesh, 203",India,81.1,92.8,100.0,93.0
S1-433944886,U & K Vulcan LLC,"709 Lewis Avenue, Sioux Falls, SD",US,S2-207324350,U & K Vulcan Llc | www.ukvulc.com,"709- LEWIS AVENUE, PO BOX 1560, SIOUX FALLS, SD",US,100.0,100.0,100.0,100.0
